[{"model": "admin.logentry", "pk": 1, "fields": {"action_time": "2024-06-26T19:49:17.771Z", "user": 1, "content_type": 11, "object_id": "1", "object_repr": "Steam locomotives", "action_flag": 1, "change_message": "[{\"added\": {}}]"}}, {"model": "admin.logentry", "pk": 2, "fields": {"action_time": "2024-06-26T19:49:24.222Z", "user": 1, "content_type": 11, "object_id": "2", "object_repr": "Diesel locomotives", "action_flag": 1, "change_message": "[{\"added\": {}}]"}}, {"model": "admin.logentry", "pk": 3, "fields": {"action_time": "2024-06-26T19:49:30.871Z", "user": 1, "content_type": 11, "object_id": "3", "object_repr": "Electric locomotives", "action_flag": 1, "change_message": "[{\"added\": {}}]"}}, {"model": "admin.logentry", "pk": 4, "fields": {"action_time": "2024-06-26T19:49:38.406Z", "user": 1, "content_type": 11, "object_id": "4", "object_repr": "Combined engines", "action_flag": 1, "change_message": "[{\"added\": {}}]"}}, {"model": "admin.logentry", "pk": 5, "fields": {"action_time": "2024-06-26T19:49:51.943Z", "user": 1, "content_type": 11, "object_id": "5", "object_repr": "Freight train", "action_flag": 1, "change_message": "[{\"added\": {}}]"}}, {"model": "admin.logentry", "pk": 6, "fields": {"action_time": "2024-06-26T19:49:57.921Z", "user": 1, "content_type": 11, "object_id": "6", "object_repr": "Inter-city trains", "action_flag": 1, "change_message": "[{\"added\": {}}]"}}, {"model": "admin.logentry", "pk": 7, "fields": {"action_time": "2024-06-26T19:50:06.198Z", "user": 1, "content_type": 11, "object_id": "7", "object_repr": "Rapid transit", "action_flag": 1, "change_message": "[{\"added\": {}}]"}}, {"model": "admin.logentry", "pk": 8, "fields": {"action_time": "2024-06-26T19:50:22.276Z", "user": 1, "content_type": 12, "object_id": "1", "object_repr": "Trenitalia Frecciarossa 1000", "action_flag": 1, "change_message": "[{\"added\": {}}]"}}, {"model": "admin.logentry", "pk": 9, "fields": {"action_time": "2024-06-26T19:50:38.526Z", "user": 1, "content_type": 12, "object_id": "2", "object_repr": "Trenitalia Frecciarossa 3", "action_flag": 1, "change_message": "[{\"added\": {}}]"}}, {"model": "admin.logentry", "pk": 10, "fields": {"action_time": "2024-06-26T19:50:50.636Z", "user": 1, "content_type": 12, "object_id": "3", "object_repr": "Korail KTX-Sancheon", "action_flag": 1, "change_message": "[{\"added\": {}}]"}}, {"model": "admin.logentry", "pk": 11, "fields": {"action_time": "2024-06-26T19:51:00.528Z", "user": 1, "content_type": 12, "object_id": "4", "object_repr": "Korail-Sancheon", "action_flag": 1, "change_message": "[{\"added\": {}}]"}}, {"model": "admin.logentry", "pk": 12, "fields": {"action_time": "2024-06-26T19:51:16.011Z", "user": 1, "content_type": 12, "object_id": "5", "object_repr": "Renfe AVE 103", "action_flag": 1, "change_message": "[{\"added\": {}}]"}}, {"model": "admin.logentry", "pk": 13, "fields": {"action_time": "2024-06-26T19:51:28.023Z", "user": 1, "content_type": 12, "object_id": "6", "object_repr": "Renfe", "action_flag": 1, "change_message": "[{\"added\": {}}]"}}, {"model": "admin.logentry", "pk": 14, "fields": {"action_time": "2024-06-26T19:51:46.535Z", "user": 1, "content_type": 12, "object_id": "7", "object_repr": "ONCF Al Boraq", "action_flag": 1, "change_message": "[{\"added\": {}}]"}}, {"model": "admin.logentry", "pk": 15, "fields": {"action_time": "2024-06-26T19:51:56.688Z", "user": 1, "content_type": 12, "object_id": "8", "object_repr": "ONCF", "action_flag": 1, "change_message": "[{\"added\": {}}]"}}, {"model": "admin.logentry", "pk": 16, "fields": {"action_time": "2024-06-26T19:52:08.760Z", "user": 1, "content_type": 12, "object_id": "9", "object_repr": "Shinkansen", "action_flag": 1, "change_message": "[{\"added\": {}}]"}}, {"model": "admin.logentry", "pk": 17, "fields": {"action_time": "2024-06-26T19:52:17.488Z", "user": 1, "content_type": 12, "object_id": "10", "object_repr": "Shinkansen22", "action_flag": 1, "change_message": "[{\"added\": {}}]"}}, {"model": "admin.logentry", "pk": 18, "fields": {"action_time": "2024-06-26T19:52:28.887Z", "user": 1, "content_type": 12, "object_id": "11", "object_repr": "SCNCF TGV", "action_flag": 1, "change_message": "[{\"added\": {}}]"}}, {"model": "admin.logentry", "pk": 19, "fields": {"action_time": "2024-06-26T19:52:40.448Z", "user": 1, "content_type": 12, "object_id": "12", "object_repr": "DB ICE", "action_flag": 1, "change_message": "[{\"added\": {}}]"}}, {"model": "admin.logentry", "pk": 20, "fields": {"action_time": "2024-06-26T19:52:50.528Z", "user": 1, "content_type": 12, "object_id": "13", "object_repr": "CR Fuxing", "action_flag": 1, "change_message": "[{\"added\": {}}]"}}, {"model": "admin.logentry", "pk": 21, "fields": {"action_time": "2024-06-26T19:53:03.921Z", "user": 1, "content_type": 12, "object_id": "14", "object_repr": "Harmony", "action_flag": 1, "change_message": "[{\"added\": {}}]"}}, {"model": "admin.logentry", "pk": 22, "fields": {"action_time": "2024-06-26T19:53:19.551Z", "user": 1, "content_type": 12, "object_id": "15", "object_repr": "Shanghai Maglev", "action_flag": 1, "change_message": "[{\"added\": {}}]"}}, {"model": "admin.logentry", "pk": 23, "fields": {"action_time": "2024-06-26T19:53:53.464Z", "user": 1, "content_type": 10, "object_id": "1", "object_repr": "Chhatrapati Shivaji Terminu", "action_flag": 1, "change_message": "[{\"added\": {}}]"}}, {"model": "admin.logentry", "pk": 24, "fields": {"action_time": "2024-06-26T19:54:02.545Z", "user": 1, "content_type": 10, "object_id": "2", "object_repr": "Kanazawa", "action_flag": 1, "change_message": "[{\"added\": {}}]"}}, {"model": "admin.logentry", "pk": 25, "fields": {"action_time": "2024-06-26T19:54:11.972Z", "user": 1, "content_type": 10, "object_id": "3", "object_repr": "Grand Central", "action_flag": 1, "change_message": "[{\"added\": {}}]"}}, {"model": "admin.logentry", "pk": 26, "fields": {"action_time": "2024-06-26T19:54:20.057Z", "user": 1, "content_type": 10, "object_id": "4", "object_repr": "Liège-Guillemins", "action_flag": 1, "change_message": "[{\"added\": {}}]"}}, {"model": "admin.logentry", "pk": 27, "fields": {"action_time": "2024-06-26T19:54:33.347Z", "user": 1, "content_type": 10, "object_id": "5", "object_repr": "Napoli Afragola", "action_flag": 1, "change_message": "[{\"added\": {}}]"}}, {"model": "admin.logentry", "pk": 28, "fields": {"action_time": "2024-06-26T19:54:45.572Z", "user": 1, "content_type": 10, "object_id": "6", "object_repr": "São Bento", "action_flag": 1, "change_message": "[{\"added\": {}}]"}}, {"model": "admin.logentry", "pk": 29, "fields": {"action_time": "2024-06-26T19:54:53.203Z", "user": 1, "content_type": 10, "object_id": "7", "object_repr": "Flinders Street Station", "action_flag": 1, "change_message": "[{\"added\": {}}]"}}, {"model": "admin.logentry", "pk": 30, "fields": {"action_time": "2024-06-26T19:55:01.437Z", "user": 1, "content_type": 10, "object_id": "8", "object_repr": "Gare do Oriente", "action_flag": 1, "change_message": "[{\"added\": {}}]"}}, {"model": "admin.logentry", "pk": 31, "fields": {"action_time": "2024-06-26T19:55:17.002Z", "user": 1, "content_type": 14, "object_id": "1", "object_repr": " Train 1:Chhatrapati Shivaji Terminu - Kanazawa", "action_flag": 1, "change_message": "[{\"added\": {}}]"}}, {"model": "admin.logentry", "pk": 32, "fields": {"action_time": "2024-06-26T19:55:22.217Z", "user": 1, "content_type": 14, "object_id": "2", "object_repr": " Train 2:Chhatrapati Shivaji Terminu - Grand Central", "action_flag": 1, "change_message": "[{\"added\": {}}]"}}, {"model": "admin.logentry", "pk": 33, "fields": {"action_time": "2024-06-26T19:55:28.792Z", "user": 1, "content_type": 14, "object_id": "3", "object_repr": " Train 3:Chhatrapati Shivaji Terminu - Liège-Guillemins", "action_flag": 1, "change_message": "[{\"added\": {}}]"}}, {"model": "admin.logentry", "pk": 34, "fields": {"action_time": "2024-06-26T19:55:33.424Z", "user": 1, "content_type": 14, "object_id": "4", "object_repr": " Train 4:São Bento - Napoli Afragola", "action_flag": 1, "change_message": "[{\"added\": {}}]"}}, {"model": "admin.logentry", "pk": 35, "fields": {"action_time": "2024-06-26T19:55:37.638Z", "user": 1, "content_type": 14, "object_id": "5", "object_repr": " Train 5:Kanazawa - Gare do Oriente", "action_flag": 1, "change_message": "[{\"added\": {}}]"}}, {"model": "admin.logentry", "pk": 36, "fields": {"action_time": "2024-06-26T19:55:42.313Z", "user": 1, "content_type": 14, "object_id": "6", "object_repr": " Train 6:Chhatrapati Shivaji Terminu - Napoli Afragola", "action_flag": 1, "change_message": "[{\"added\": {}}]"}}, {"model": "admin.logentry", "pk": 37, "fields": {"action_time": "2024-06-26T19:55:49.098Z", "user": 1, "content_type": 14, "object_id": "7", "object_repr": " Train 7:São Bento - Kanazawa", "action_flag": 1, "change_message": "[{\"added\": {}}]"}}, {"model": "admin.logentry", "pk": 38, "fields": {"action_time": "2024-06-26T19:55:56.443Z", "user": 1, "content_type": 14, "object_id": "8", "object_repr": " Train 8:Gare do Oriente - Chhatrapati Shivaji Terminu", "action_flag": 1, "change_message": "[{\"added\": {}}]"}}, {"model": "admin.logentry", "pk": 39, "fields": {"action_time": "2024-06-26T19:57:21.124Z", "user": 1, "content_type": 8, "object_id": "1", "object_repr": "Trenitalia Frecciarossa 1000", "action_flag": 1, "change_message": "[{\"added\": {}}]"}}, {"model": "admin.logentry", "pk": 40, "fields": {"action_time": "2024-06-26T19:57:32.642Z", "user": 1, "content_type": 8, "object_id": "2", "object_repr": "Trenitalia Frecciarossa 3", "action_flag": 1, "change_message": "[{\"added\": {}}]"}}, {"model": "admin.logentry", "pk": 41, "fields": {"action_time": "2024-06-26T19:57:41.053Z", "user": 1, "content_type": 8, "object_id": "3", "object_repr": "Renfe AVE 103", "action_flag": 1, "change_message": "[{\"added\": {}}]"}}, {"model": "admin.logentry", "pk": 42, "fields": {"action_time": "2024-06-26T19:57:50.204Z", "user": 1, "content_type": 8, "object_id": "4", "object_repr": "Renfe AVE 103", "action_flag": 1, "change_message": "[{\"added\": {}}]"}}, {"model": "admin.logentry", "pk": 43, "fields": {"action_time": "2024-06-26T19:57:58.868Z", "user": 1, "content_type": 8, "object_id": "5", "object_repr": "Shanghai Maglev", "action_flag": 1, "change_message": "[{\"added\": {}}]"}}, {"model": "admin.logentry", "pk": 44, "fields": {"action_time": "2024-06-26T19:58:06.987Z", "user": 1, "content_type": 8, "object_id": "6", "object_repr": "CR Fuxing", "action_flag": 1, "change_message": "[{\"added\": {}}]"}}, {"model": "admin.logentry", "pk": 45, "fields": {"action_time": "2024-06-26T19:59:19.880Z", "user": 1, "content_type": 7, "object_id": "1", "object_repr": "Bruce", "action_flag": 1, "change_message": "[{\"added\": {}}]"}}, {"model": "admin.logentry", "pk": 46, "fields": {"action_time": "2024-06-26T20:00:06.537Z", "user": 1, "content_type": 7, "object_id": "2", "object_repr": "Obi-Wan", "action_flag": 1, "change_message": "[{\"added\": {}}]"}}, {"model": "admin.logentry", "pk": 47, "fields": {"action_time": "2024-06-26T20:00:51.961Z", "user": 1, "content_type": 7, "object_id": "3", "object_repr": "Marty", "action_flag": 1, "change_message": "[{\"added\": {}}]"}}, {"model": "admin.logentry", "pk": 48, "fields": {"action_time": "2024-06-26T20:01:08.471Z", "user": 1, "content_type": 7, "object_id": "4", "object_repr": "Hannibal", "action_flag": 1, "change_message": "[{\"added\": {}}]"}}, {"model": "admin.logentry", "pk": 49, "fields": {"action_time": "2024-06-26T20:01:28.068Z", "user": 1, "content_type": 7, "object_id": "5", "object_repr": "Jack", "action_flag": 1, "change_message": "[{\"added\": {}}]"}}, {"model": "admin.logentry", "pk": 50, "fields": {"action_time": "2024-06-26T20:03:29.415Z", "user": 1, "content_type": 9, "object_id": "1", "object_repr": " - 2024-06-26 20:03:29.413813+00:00", "action_flag": 1, "change_message": "[{\"added\": {}}]"}}, {"model": "admin.logentry", "pk": 51, "fields": {"action_time": "2024-06-26T20:03:33.335Z", "user": 1, "content_type": 9, "object_id": "2", "object_repr": " - 2024-06-26 20:03:33.334736+00:00", "action_flag": 1, "change_message": "[{\"added\": {}}]"}}, {"model": "admin.logentry", "pk": 52, "fields": {"action_time": "2024-06-26T20:03:36.709Z", "user": 1, "content_type": 9, "object_id": "3", "object_repr": " - 2024-06-26 20:03:36.707922+00:00", "action_flag": 1, "change_message": "[{\"added\": {}}]"}}, {"model": "admin.logentry", "pk": 53, "fields": {"action_time": "2024-06-26T20:03:40.428Z", "user": 1, "content_type": 9, "object_id": "4", "object_repr": " - 2024-06-26 20:03:40.427507+00:00", "action_flag": 1, "change_message": "[{\"added\": {}}]"}}, {"model": "admin.logentry", "pk": 54, "fields": {"action_time": "2024-06-26T20:03:44.123Z", "user": 1, "content_type": 9, "object_id": "5", "object_repr": " - 2024-06-26 20:03:44.121837+00:00", "action_flag": 1, "change_message": "[{\"added\": {}}]"}}, {"model": "admin.logentry", "pk": 55, "fields": {"action_time": "2024-06-26T20:04:15.955Z", "user": 1, "content_type": 13, "object_id": "1", "object_repr": "Ticket:  - 2024-06-26 20:03:44.121837+00:00 - 1 - 3", "action_flag": 1, "change_message": "[{\"added\": {}}]"}}, {"model": "admin.logentry", "pk": 56, "fields": {"action_time": "2024-06-26T20:04:24.117Z", "user": 1, "content_type": 13, "object_id": "2", "object_repr": "Ticket:  - 2024-06-26 20:03:44.121837+00:00 - 1 - 32", "action_flag": 1, "change_message": "[{\"added\": {}}]"}}, {"model": "admin.logentry", "pk": 57, "fields": {"action_time": "2024-06-26T20:04:34.338Z", "user": 1, "content_type": 13, "object_id": "3", "object_repr": "Ticket:  - 2024-06-26 20:03:44.121837+00:00 - 55 - 66", "action_flag": 1, "change_message": "[{\"added\": {}}]"}}, {"model": "admin.logentry", "pk": 58, "fields": {"action_time": "2024-06-26T20:04:45.795Z", "user": 1, "content_type": 13, "object_id": "4", "object_repr": "Ticket:  - 2024-06-26 20:03:44.121837+00:00 - 44 - 34", "action_flag": 1, "change_message": "[{\"added\": {}}]"}}, {"model": "auth.permission", "pk": 1, "fields": {"name": "Can add log entry", "content_type": 1, "codename": "add_logentry"}}, {"model": "auth.permission", "pk": 2, "fields": {"name": "Can change log entry", "content_type": 1, "codename": "change_logentry"}}, {"model": "auth.permission", "pk": 3, "fields": {"name": "Can delete log entry", "content_type": 1, "codename": "delete_logentry"}}, {"model": "auth.permission", "pk": 4, "fields": {"name": "Can view log entry", "content_type": 1, "codename": "view_logentry"}}, {"model": "auth.permission", "pk": 5, "fields": {"name": "Can add permission", "content_type": 2, "codename": "add_permission"}}, {"model": "auth.permission", "pk": 6, "fields": {"name": "Can change permission", "content_type": 2, "codename": "change_permission"}}, {"model": "auth.permission", "pk": 7, "fields": {"name": "Can delete permission", "content_type": 2, "codename": "delete_permission"}}, {"model": "auth.permission", "pk": 8, "fields": {"name": "Can view permission", "content_type": 2, "codename": "view_permission"}}, {"model": "auth.permission", "pk": 9, "fields": {"name": "Can add group", "content_type": 3, "codename": "add_group"}}, {"model": "auth.permission", "pk": 10, "fields": {"name": "Can change group", "content_type": 3, "codename": "change_group"}}, {"model": "auth.permission", "pk": 11, "fields": {"name": "Can delete group", "content_type": 3, "codename": "delete_group"}}, {"model": "auth.permission", "pk": 12, "fields": {"name": "Can view group", "content_type": 3, "codename": "view_group"}}, {"model": "auth.permission", "pk": 13, "fields": {"name": "Can add content type", "content_type": 4, "codename": "add_contenttype"}}, {"model": "auth.permission", "pk": 14, "fields": {"name": "Can change content type", "content_type": 4, "codename": "change_contenttype"}}, {"model": "auth.permission", "pk": 15, "fields": {"name": "Can delete content type", "content_type": 4, "codename": "delete_contenttype"}}, {"model": "auth.permission", "pk": 16, "fields": {"name": "Can view content type", "content_type": 4, "codename": "view_contenttype"}}, {"model": "auth.permission", "pk": 17, "fields": {"name": "Can add session", "content_type": 5, "codename": "add_session"}}, {"model": "auth.permission", "pk": 18, "fields": {"name": "Can change session", "content_type": 5, "codename": "change_session"}}, {"model": "auth.permission", "pk": 19, "fields": {"name": "Can delete session", "content_type": 5, "codename": "delete_session"}}, {"model": "auth.permission", "pk": 20, "fields": {"name": "Can view session", "content_type": 5, "codename": "view_session"}}, {"model": "auth.permission", "pk": 21, "fields": {"name": "Can add user", "content_type": 6, "codename": "add_user"}}, {"model": "auth.permission", "pk": 22, "fields": {"name": "Can change user", "content_type": 6, "codename": "change_user"}}, {"model": "auth.permission", "pk": 23, "fields": {"name": "Can delete user", "content_type": 6, "codename": "delete_user"}}, {"model": "auth.permission", "pk": 24, "fields": {"name": "Can view user", "content_type": 6, "codename": "view_user"}}, {"model": "auth.permission", "pk": 25, "fields": {"name": "Can add crew", "content_type": 7, "codename": "add_crew"}}, {"model": "auth.permission", "pk": 26, "fields": {"name": "Can change crew", "content_type": 7, "codename": "change_crew"}}, {"model": "auth.permission", "pk": 27, "fields": {"name": "Can delete crew", "content_type": 7, "codename": "delete_crew"}}, {"model": "auth.permission", "pk": 28, "fields": {"name": "Can view crew", "content_type": 7, "codename": "view_crew"}}, {"model": "auth.permission", "pk": 29, "fields": {"name": "Can add journey", "content_type": 8, "codename": "add_journey"}}, {"model": "auth.permission", "pk": 30, "fields": {"name": "Can change journey", "content_type": 8, "codename": "change_journey"}}, {"model": "auth.permission", "pk": 31, "fields": {"name": "Can delete journey", "content_type": 8, "codename": "delete_journey"}}, {"model": "auth.permission", "pk": 32, "fields": {"name": "Can view journey", "content_type": 8, "codename": "view_journey"}}, {"model": "auth.permission", "pk": 33, "fields": {"name": "Can add order", "content_type": 9, "codename": "add_order"}}, {"model": "auth.permission", "pk": 34, "fields": {"name": "Can change order", "content_type": 9, "codename": "change_order"}}, {"model": "auth.permission", "pk": 35, "fields": {"name": "Can delete order", "content_type": 9, "codename": "delete_order"}}, {"model": "auth.permission", "pk": 36, "fields": {"name": "Can view order", "content_type": 9, "codename": "view_order"}}, {"model": "auth.permission", "pk": 37, "fields": {"name": "Can add station", "content_type": 10, "codename": "add_station"}}, {"model": "auth.permission", "pk": 38, "fields": {"name": "Can change station", "content_type": 10, "codename": "change_station"}}, {"model": "auth.permission", "pk": 39, "fields": {"name": "Can delete station", "content_type": 10, "codename": "delete_station"}}, {"model": "auth.permission", "pk": 40, "fields": {"name": "Can view station", "content_type": 10, "codename": "view_station"}}, {"model": "auth.permission", "pk": 41, "fields": {"name": "Can add train type", "content_type": 11, "codename": "add_traintype"}}, {"model": "auth.permission", "pk": 42, "fields": {"name": "Can change train type", "content_type": 11, "codename": "change_traintype"}}, {"model": "auth.permission", "pk": 43, "fields": {"name": "Can delete train type", "content_type": 11, "codename": "delete_traintype"}}, {"model": "auth.permission", "pk": 44, "fields": {"name": "Can view train type", "content_type": 11, "codename": "view_traintype"}}, {"model": "auth.permission", "pk": 45, "fields": {"name": "Can add train", "content_type": 12, "codename": "add_train"}}, {"model": "auth.permission", "pk": 46, "fields": {"name": "Can change train", "content_type": 12, "codename": "change_train"}}, {"model": "auth.permission", "pk": 47, "fields": {"name": "Can delete train", "content_type": 12, "codename": "delete_train"}}, {"model": "auth.permission", "pk": 48, "fields": {"name": "Can view train", "content_type": 12, "codename": "view_train"}}, {"model": "auth.permission", "pk": 49, "fields": {"name": "Can add ticket", "content_type": 13, "codename": "add_ticket"}}, {"model": "auth.permission", "pk": 50, "fields": {"name": "Can change ticket", "content_type": 13, "codename": "change_ticket"}}, {"model": "auth.permission", "pk": 51, "fields": {"name": "Can delete ticket", "content_type": 13, "codename": "delete_ticket"}}, {"model": "auth.permission", "pk": 52, "fields": {"name": "Can view ticket", "content_type": 13, "codename": "view_ticket"}}, {"model": "auth.permission", "pk": 53, "fields": {"name": "Can add route", "content_type": 14, "codename": "add_route"}}, {"model": "auth.permission", "pk": 54, "fields": {"name": "Can change route", "content_type": 14, "codename": "change_route"}}, {"model": "auth.permission", "pk": 55, "fields": {"name": "Can delete route", "content_type": 14, "codename": "delete_route"}}, {"model": "auth.permission", "pk": 56, "fields": {"name": "Can view route", "content_type": 14, "codename": "view_route"}}, {"model": "contenttypes.contenttype", "pk": 1, "fields": {"app_label": "admin", "model": "logentry"}}, {"model": "contenttypes.contenttype", "pk": 2, "fields": {"app_label": "auth", "model": "permission"}}, {"model": "contenttypes.contenttype", "pk": 3, "fields": {"app_label": "auth", "model": "group"}}, {"model": "contenttypes.contenttype", "pk": 4, "fields": {"app_label": "contenttypes", "model": "contenttype"}}, {"model": "contenttypes.contenttype", "pk": 5, "fields": {"app_label": "sessions", "model": "session"}}, {"model": "contenttypes.contenttype", "pk": 6, "fields": {"app_label": "users", "model": "user"}}, {"model": "contenttypes.contenttype", "pk": 7, "fields": {"app_label": "train_station", "model": "crew"}}, {"model": "contenttypes.contenttype", "pk": 8, "fields": {"app_label": "train_station", "model": "journey"}}, {"model": "contenttypes.contenttype", "pk": 9, "fields": {"app_label": "train_station", "model": "order"}}, {"model": "contenttypes.contenttype", "pk": 10, "fields": {"app_label": "train_station", "model": "station"}}, {"model": "contenttypes.contenttype", "pk": 11, "fields": {"app_label": "train_station", "model": "traintype"}}, {"model": "contenttypes.contenttype", "pk": 12, "fields": {"app_label": "train_station", "model": "train"}}, {"model": "contenttypes.contenttype", "pk": 13, "fields": {"app_label": "train_station", "model": "ticket"}}, {"model": "contenttypes.contenttype", "pk": 14, "fields": {"app_label": "train_station", "model": "route"}}, {"model": "sessions.session", "pk": "41y1xrhx73dgllpu6e3vrg5lskpnjnb9", "fields": {"session_data": ".eJxVjM0OwiAQhN-FsyH8CIJH730GsrssUjU0Ke3J-O62SQ86x_m-mbdIsC41rZ3nNGZxFVqcfjsEenLbQX5Au0-SprbMI8pdkQftcpgyv26H-3dQoddtzTGgAzr76E0JkZ0mVPqCoMlh3oIFYkajrNIIwVsuxlljybEHR0p8vgPiOK4:1sMYd1:x1S-vC01Fduo29vCoZW-LmTwR7JIgBzR15GfCZb_1QQ", "expire_date": "2024-07-10T19:48:27.723Z"}}, {"model": "users.user", "pk": 1, "fields": {"password": "pbkdf2_sha256$600000$6b9bBRumolcK18IkW95tVZ$dvBc1G3uoch7m1ADmlhY6xdIKK2lFqNVBhT6RUcHDkk=", "last_login": "2024-06-26T19:48:27.721Z", "is_superuser": true, "first_name": "", "last_name": "", "is_staff": true, "is_active": true, "date_joined": "2024-06-26T19:48:06.583Z", "email": "admin@mail.com", "username": "", "groups": [], "user_permissions": []}}, {"model": "train_station.train", "pk": 1, "fields": {"name": "Trenitalia Frecciarossa 1000", "cargo_num": 20, "places_in_cargo": 40, "train_type": 1}}, {"model": "train_station.train", "pk": 2, "fields": {"name": "Trenitalia Frecciarossa 3", "cargo_num": 90, "places_in_cargo": 300, "train_type": 2}}, {"model": "train_station.train", "pk": 3, "fields": {"name": "Korail KTX-Sancheon", "cargo_num": 3000, "places_in_cargo": 200, "train_type": 3}}, {"model": "train_station.train", "pk": 4, "fields": {"name": "Korail-Sancheon", "cargo_num": 90, "places_in_cargo": 200, "train_type": 3}}, {"model": "train_station.train", "pk": 5, "fields": {"name": "Renfe AVE 103", "cargo_num": 99, "places_in_cargo": 100, "train_type": 3}}, {"model": "train_station.train", "pk": 6, "fields": {"name": "Renfe", "cargo_num": 902, "places_in_cargo": 300, "train_type": 3}}, {"model": "train_station.train", "pk": 7, "fields": {"name": "ONCF Al Boraq", "cargo_num": 90, "places_in_cargo": 900, "train_type": 4}}, {"model": "train_station.train", "pk": 8, "fields": {"name": "ONCF", "cargo_num": 9, "places_in_cargo": 229, "train_type": 7}}, {"model": "train_station.train", "pk": 9, "fields": {"name": "Shinkansen", "cargo_num": 33, "places_in_cargo": 359, "train_type": 5}}, {"model": "train_station.train", "pk": 10, "fields": {"name": "Shinkansen22", "cargo_num": 23, "places_in_cargo": 400, "train_type": 7}}, {"model": "train_station.train", "pk": 11, "fields": {"name": "SCNCF TGV", "cargo_num": 90, "places_in_cargo": 80, "train_type": 6}}, {"model": "train_station.train", "pk": 12, "fields": {"name": "DB ICE", "cargo_num": 100, "places_in_cargo": 90, "train_type": 7}}, {"model": "train_station.train", "pk": 13, "fields": {"name": "CR Fuxing", "cargo_num": 45, "places_in_cargo": 45, "train_type": 6}}, {"model": "train_station.train", "pk": 14, "fields": {"name": "Harmony", "cargo_num": 120, "places_in_cargo": 80, "train_type": 4}}, {"model": "train_station.train", "pk": 15, "fields": {"name": "Shanghai Maglev", "cargo_num": 9, "places_in_cargo": 90, "train_type": 3}}, {"model": "train_station.traintype", "pk": 1, "fields": {"name": "Steam locomotives"}}, {"model": "train_station.traintype", "pk": 2, "fields": {"name": "Diesel locomotives"}}, {"model": "train_station.traintype", "pk": 3, "fields": {"name": "Electric locomotives"}}, {"model": "train_station.traintype", "pk": 4, "fields": {"name": "Combined engines"}}, {"model": "train_station.traintype", "pk": 5, "fields": {"name": "Freight train"}}, {"model": "train_station.traintype", "pk": 6, "fields": {"name": "Inter-city trains"}}, {"model": "train_station.traintype", "pk": 7, "fields": {"name": "Rapid transit"}}, {"model": "train_station.ticket", "pk": 1, "fields": {"cargo": 1, "seat": 3, "journey": 5, "order": 5}}, {"model": "train_station.ticket", "pk": 2, "fields": {"cargo": 1, "seat": 32, "journey": 5, "order": 5}}, {"model": "train_station.ticket", "pk": 3, "fields": {"cargo": 55, "seat": 66, "journey": 5, "order": 5}}, {"model": "train_station.ticket", "pk": 4, "fields": {"cargo": 44, "seat": 34, "journey": 5, "order": 5}}, {"model": "train_station.order", "pk": 1, "fields": {"created_at": "2024-06-26T20:03:29.413Z", "user": 1}}, {"model": "train_station.order", "pk": 2, "fields": {"created_at": "2024-06-26T20:03:33.334Z", "user": 1}}, {"model": "train_station.order", "pk": 3, "fields": {"created_at": "2024-06-26T20:03:36.707Z", "user": 1}}, {"model": "train_station.order", "pk": 4, "fields": {"created_at": "2024-06-26T20:03:40.427Z", "user": 1}}, {"model": "train_station.order", "pk": 5, "fields": {"created_at": "2024-06-26T20:03:44.121Z", "user": 1}}, {"model": "train_station.station", "pk": 1, "fields": {"name": "Chhatrapati Shivaji Terminu", "latitude": 90.0, "longitude": 900.0}}, {"model": "train_station.station", "pk": 2, "fields": {"name": "Kanazawa", "latitude": 450.0, "longitude": 900.0}}, {"model": "train_station.station", "pk": 3, "fields": {"name": "Grand Central", "latitude": 450.0, "longitude": 870.0}}, {"model": "train_station.station", "pk": 4, "fields": {"name": "Liège-Guillemins", "latitude": 700.0, "longitude": 900.0}}, {"model": "train_station.station", "pk": 5, "fields": {"name": "Napoli Afragola", "latitude": 1799.0, "longitude": 800.0}}, {"model": "train_station.station", "pk": 6, "fields": {"name": "São Bento", "latitude": 568.0, "longitude": 875.0}}, {"model": "train_station.station", "pk": 7, "fields": {"name": "Flinders Street Station", "latitude": 5678.0, "longitude": 543.0}}, {"model": "train_station.station", "pk": 8, "fields": {"name": "Gare do Oriente", "latitude": 3456.0, "longitude": 2133.0}}, {"model": "train_station.route", "pk": 1, "fields": {"source": 1, "destination": 2, "distance": 8008}}, {"model": "train_station.route", "pk": 2, "fields": {"source": 1, "destination": 3, "distance": 4565}}, {"model": "train_station.route", "pk": 3, "fields": {"source": 1, "destination": 4, "distance": 456}}, {"model": "train_station.route", "pk": 4, "fields": {"source": 6, "destination": 5, "distance": 2344}}, {"model": "train_station.route", "pk": 5, "fields": {"source": 2, "destination": 8, "distance": 32456}}, {"model": "train_station.route", "pk": 6, "fields": {"source": 1, "destination": 5, "distance": 1234}}, {"model": "train_station.route", "pk": 7, "fields": {"source": 6, "destination": 2, "distance": 1123}}, {"model": "train_station.route", "pk": 8, "fields": {"source": 8, "destination": 1, "distance": 3456}}, {"model": "train_station.journey", "pk": 1, "fields": {"route": 1, "train": 1, "departure_time": "2024-06-26T19:57:17Z", "arrival_time": "2024-06-26T19:57:19Z"}}, {"model": "train_station.journey", "pk": 2, "fields": {"route": 2, "train": 2, "departure_time": "2024-06-26T19:57:29Z", "arrival_time": "2024-06-26T19:57:31Z"}}, {"model": "train_station.journey", "pk": 3, "fields": {"route": 3, "train": 5, "departure_time": "2024-06-26T19:57:39Z", "arrival_time": "2024-06-26T19:57:40Z"}}, {"model": "train_station.journey", "pk": 4, "fields": {"route": 5, "train": 5, "departure_time": "2024-06-26T19:57:47Z", "arrival_time": "2024-06-26T19:57:49Z"}}, {"model": "train_station.journey", "pk": 5, "fields": {"route": 8, "train": 15, "departure_time": "2024-06-26T19:57:57Z", "arrival_time": "2024-06-26T19:57:58Z"}}, {"model": "train_station.journey", "pk": 6, "fields": {"route": 6, "train": 13, "departure_time": "2024-06-26T19:58:05Z", "arrival_time": "2024-06-26T19:58:06Z"}}, {"model": "train_station.crew", "pk": 1, "fields": {"first_name": "Bruce", "last_name": "Wayne", "position": "Superhero", "journey": [1]}}, {"model": "train_station.crew", "pk": 2, "fields": {"first_name": "Obi-Wan", "last_name": "Kenobi", "position": "Jedi", "journey": [5]}}, {"model": "train_station.crew", "pk": 3, "fields": {"first_name": "Marty", "last_name": "McFly", "position": "Traveller", "journey": [5]}}, {"model": "train_station.crew", "pk": 4, "fields": {"first_name": "Hannibal", "last_name": "Lecter", "position": "Cooker", "journey": [5]}}, {"model": "train_station.crew", "pk": 5, "fields": {"first_name": "Jack", "last_name": "Sparrow", "position": "Captain", "journey": [5]}}]